,Before,After
Energy Close,3.264641336724837,3.5917613464756872
Finance Close,0.5500694002486721,1.5857149246506368
Technology Close,3.8585669635584945,4.690815085256295
Healthcare Close,1.8385051847846283,3.079943874248068
S&P 500 Close,7.535620159087041,10.430640780672533
