,Before,After
Energy Close,0.0005141973798906632,0.001181376345753735
Finance Close,0.0013335608201095975,0.0014429599010476915
Technology Close,-0.00023742379613976022,0.00027745770514451694
Healthcare Close,0.0007031491746143406,0.001198736052480643
S&P 500 Close,0.00039497342222188486,0.0009320696653316137
