,Before,After
Energy Close,-0.0028928737703209284,0.006080147768516956
Finance Close,0.0005616009372125722,0.0032929863830269716
Technology Close,0.00014849013855151242,0.0027529972253397244
Healthcare Close,-0.0001744436303722862,0.0015113924123771256
S&P 500 Close,0.0004088882207668394,0.002104441553676522
