,Before,After
Energy Close,-0.002903618997878193,-0.0007976242765076988
Finance Close,-0.0023409483157595433,-0.0077555013764806025
Technology Close,-0.0031240485030417627,-0.001648630397672895
Healthcare Close,-0.0021040352231901627,6.428376241636312e-05
S&P 500 Close,-0.0026577096466687427,-0.002480816586829809
