,Before,After
Energy Close,0.0002702824935929173,0.0006562862284727735
Finance Close,0.0003809946401366918,0.0026012808645227365
Technology Close,0.00014559433716817476,0.0012066725497577268
Healthcare Close,-0.0013075872405645809,0.0007448278915285785
S&P 500 Close,-0.00025898252309430024,0.001111843307724247
