,Energy Before,Finance Before,Technology Before,Healthcare Before,S&P 500 Before,Energy Close,Finance Close,Technology Close,Healthcare Close,S&P 500 Close
Energy Before,,-0.7405571663835167,-0.45152330150676484,-0.28652211164387476,-0.3402640240345933,1.0,-0.7405571663835167,-0.45152330150676484,-0.28652211164387476,-0.3402640240345933
Finance Before,,,0.6193636187438358,0.5866357187177468,0.6183695940230391,-0.7405571663835165,1.0,0.6193636187438358,0.5866357187177468,0.6183695940230391
Technology Before,,,,0.973796342818121,0.9855749308938778,-0.4515233015067647,0.6193636187438358,1.0,0.973796342818121,0.9855749308938778
Healthcare Before,,,,,0.9972761921445698,-0.28652211164387464,0.5866357187177469,0.973796342818121,1.0,0.9972761921445698
S&P 500 Before,,,,,,-0.3402640240345932,0.618369594023039,0.9855749308938778,0.9972761921445698,1.0
Energy Close,,,,,,,-0.7405571663835167,-0.45152330150676484,-0.28652211164387476,-0.3402640240345933
Finance Close,,,,,,,,0.6193636187438358,0.5866357187177468,0.6183695940230391
Technology Close,,,,,,,,,0.973796342818121,0.9855749308938778
Healthcare Close,,,,,,,,,,0.9972761921445698
S&P 500 Close,,,,,,,,,,
